"method","reconstruction_mse","basis_mse","iterations","converged"
"SpectralUnmix",1.18127833400479e-07,0.00125613561873334,2000,FALSE
"NMF",5.94760686895895e-08,0.00129984682136808,NA,NA
